<?xml version="1.0" encoding="UTF-8"?>
<project-private xmlns="http://www.netbeans.org/ns/project-private/1">
    <editor-bookmarks xmlns="http://www.netbeans.org/ns/editor-bookmarks/2" lastBookmarkId="0"/>
    <open-files xmlns="http://www.netbeans.org/ns/projectui-open-files/2">
        <group>
            <file>file:/C:/Users/sir/Documents/NetBeansProjects/Travel%20management%20system/src/travel/management/system/DeleteDetails.java</file>
            <file>file:/C:/Users/sir/Documents/NetBeansProjects/Travel%20management%20system/src/travel/management/system/Dashboard.java</file>
            <file>file:/C:/Users/sir/Documents/NetBeansProjects/Travel%20management%20system/src/travel/management/system/ViewPackage.java</file>
            <file>file:/C:/Users/sir/Documents/NetBeansProjects/Travel%20management%20system/src/icons/ViewBookedHotel.java</file>
            <file>file:/C:/Users/sir/Documents/NetBeansProjects/Travel%20management%20system/src/travel/management/system/Paytm.java</file>
            <file>file:/C:/Users/sir/Documents/NetBeansProjects/Travel%20management%20system/src/travel/management/system/About.java</file>
            <file>file:/C:/Users/sir/Documents/NetBeansProjects/Travel%20management%20system/src/travel/management/system/ViewCustomer.java</file>
            <file>file:/C:/Users/sir/Documents/NetBeansProjects/Travel%20management%20system/src/travel/management/system/BookHotel.java</file>
            <file>file:/C:/Users/sir/Documents/NetBeansProjects/Travel%20management%20system/src/travel/management/system/Loading.java</file>
            <file>file:/C:/Users/sir/Documents/NetBeansProjects/Travel%20management%20system/src/travel/management/system/Payements.java</file>
            <file>file:/C:/Users/sir/Documents/NetBeansProjects/Travel%20management%20system/src/travel/management/system/Splash.java</file>
            <file>file:/C:/Users/sir/Documents/NetBeansProjects/Travel%20management%20system/src/travel/management/system/Login.java</file>
        </group>
    </open-files>
</project-private>
